frame, idx, pos_x, pos_y
0, 0, 2.0132, 5.0234
0, 1, 3.34983, 5.5090
0, 2, 2.53895, 6.035
0, 4, 5.32234, 4.323254
1, 0, 5.0132, 7.034
1, 1, 3.3453, 8.56990
1, 2, 4.5345, 9.08335
1, 4, 3.3224, 6.354
2, 0, 2.01342, 9.08934
2, 1, 1.3453, 2.56980
2, 2, 5.53435, 5.059835
2, 4, 6.34324, 0.378254
