frame, idx, pos_x, pos_y
0, 0, 2.0132, 15.0234
0, 1, 3.34983, 15.5090
0, 2, 2.53895, 16.035
0, 4, 5.32234, 14.323254
1, 0, 5.0132, 17.034
1, 1, 3.3453, 18,56990
1, 2, 4.5345, 19.08335
1, 4, 3.3224, 16.354
2, 0, 2.01342, 19.08934
2, 1, 1.3453, 12.56980
2, 2, 5.53435, 15.059835
2, 4, 6.34324, 10.378254
