frame, idx, pos_x, pos_y
0, 0, 22.0132, 15.0234
0, 1, 32.34983, 15.5090
0, 2, 23.53895, 16.035
0, 4, 45.324, 14.3254
1, 0, 5.02, 17.034
1, 1, 73.3453, 18.5690
1, 2, 84.53, 19.035
1, 4, 93.3224, 16.354
2, 0, 2.042, 19.08934
2, 1, 19.3453, 12.56980
2, 2, 75.5, 15.835
2, 4, 86.34324, 10.378254
