frame, idx, pos_x, pos_y
0, 0, 21.0132, 15.0234
0, 1, 31.34983, 15.5090
0, 2, 21.53895, 16.035
0, 4, 15.32234, 14.323254
1, 0, 15.0132, 17.034
1, 1, 13.3453, 18.56990
1, 2, 14.5345, 19.08335
1, 4, 13.3224, 16.354
2, 0, 12.01342, 19.08934
2, 1, 11.3453, 12.56980
2, 2, 15.53435, 15.059835
2, 4, 16.34324, 10.378254
