frame, idx, pos_x, pos_y
0, 0, 28.0132, 15.0234
0, 1, 39.3983, 15.5090
0, 2, 20.53895, 16.035
0, 4, 52.32234, 14.323254
1, 0, 51.0132, 17.034
1, 1, 33.453, 18.56990
1, 2, 48.5345, 19.08335
1, 4, 38.3224, 16.354
2, 0, 28.01342, 19.08934
2, 1, 16.3453, 12.56980
2, 2, 55.535, 15.059835
2, 4, 36.34324, 10.378254
