frame, idx, pos_x, pos_y
0, 0, 2.0132, 15.0234
0, 1, 3.34983, 52.5090
0, 2, 2.53895, 62.035
0, 4, 5.32234, 46.323254
1, 0, 5.0132, 74.034
1, 1, 3.3453, 12.56990
1, 2, 4.5345, 91.08335
1, 4, 3.3224, 6.354
2, 0, 2.01342, 91.08934
2, 1, 1.3453, 6.56980
2, 2, 5.53435, 52.059835
2, 4, 6.34324, 02.378254
